Title,Link,Views,Replies,Date,Labels
Marriage before CTB,https://sanctioned-suicide.net/threads/marriage-before-ctb.171402/,296,8,"Jul 8, 2024",['none']
How much does a 9mm gun in the mouth mess up the appearance of your face?,https://sanctioned-suicide.net/threads/how-much-does-a-9mm-gun-in-the-mouth-mess-up-the-appearance-of-your-face.172428/,162,1,Wednesday at 8:43 PM,['NSFW']
Me living with overprotective asian parents is so annoying,https://sanctioned-suicide.net/threads/me-living-with-overprotective-asian-parents-is-so-annoying.172252/,441,17,Tuesday at 9:48 AM,['Venting']
A genuine question for discussion,https://sanctioned-suicide.net/threads/a-genuine-question-for-discussion.172414/,183,5,Wednesday at 5:52 PM,['Help']
PSSD is one of the cruelest thing on earth,https://sanctioned-suicide.net/threads/pssd-is-one-of-the-cruelest-thing-on-earth.144465/,930,18,"Dec 9, 2023",['none']
Why is it never me?,https://sanctioned-suicide.net/threads/why-is-it-never-me.169431/,554,18,"Jun 21, 2024",['none']
Who here with a parent who had CTB?,https://sanctioned-suicide.net/threads/who-here-with-a-parent-who-had-ctb.172363/,157,4,Wednesday at 10:33 AM,['Discussion']
Anyone else just feels like a punch bag for life?,https://sanctioned-suicide.net/threads/anyone-else-just-feels-like-a-punch-bag-for-life.172357/,121,3,Wednesday at 8:43 AM,['Venting']
ANTIEMETIC Guide,https://sanctioned-suicide.net/threads/antiemetic-guide.157813/,961,9,"Mar 27, 2024",['none']
How to change Halatal to another container ?,https://sanctioned-suicide.net/threads/how-to-change-halatal-to-another-container.171493/,152,4,"Jul 9, 2024",['none']
"For those of you who believe there is no divine judgment, why do we live in this hell with serial killers, narcissists, torturers?",https://sanctioned-suicide.net/threads/for-those-of-you-who-believe-there-is-no-divine-judgment-why-do-we-live-in-this-hell-with-serial-killers-narcissists-torturers.172413/,144,5,Wednesday at 5:45 PM,['none']
Drugs that will reduce the fear that comes with CTB via jumping?,https://sanctioned-suicide.net/threads/drugs-that-will-reduce-the-fear-that-comes-with-ctb-via-jumping.172186/,170,3,"Jul 15, 2024",['none']
Anyone from the west coast US,https://sanctioned-suicide.net/threads/anyone-from-the-west-coast-us.170435/,268,15,"Jun 30, 2024",['none']
Suicide video,https://sanctioned-suicide.net/threads/suicide-video.172376/,377,6,Wednesday at 12:38 PM,['none']
I got 30 fentanyl pills,https://sanctioned-suicide.net/threads/i-got-30-fentanyl-pills.172218/,532,13,"Jul 15, 2024",['none']
Does sleep deprivation make you dumber?,https://sanctioned-suicide.net/threads/does-sleep-deprivation-make-you-dumber.170292/,332,19,"Jun 29, 2024",['none']
Prochlorperazine DOSING as AE,https://sanctioned-suicide.net/threads/prochlorperazine-dosing-as-ae.172427/,49,0,Wednesday at 8:06 PM,['Help']
I wish I was never born or I died in a car accident long ago,https://sanctioned-suicide.net/threads/i-wish-i-was-never-born-or-i-died-in-a-car-accident-long-ago.172426/,73,1,Wednesday at 7:57 PM,['none']
i think i'm going to ctb tomorrow,https://sanctioned-suicide.net/threads/i-think-im-going-to-ctb-tomorrow.172316/,254,9,Tuesday at 9:00 PM,['Venting']
A good (Dutch) sn source?,https://sanctioned-suicide.net/threads/a-good-dutch-sn-source.172383/,71,1,Wednesday at 1:27 PM,['Help']
Pull Up bar as anchor point / partial hanging,https://sanctioned-suicide.net/threads/pull-up-bar-as-anchor-point-partial-hanging.170003/,326,7,"Jun 26, 2024",['none']
How to find tall buildings (US),https://sanctioned-suicide.net/threads/how-to-find-tall-buildings-us.172421/,62,0,Wednesday at 7:02 PM,['none']
Scientist reveals staggeringly LOW COST of using SARCO pod to end person's life,https://sanctioned-suicide.net/threads/scientist-reveals-staggeringly-low-cost-of-using-sarco-pod-to-end-persons-life.172375/,291,6,Wednesday at 12:38 PM,['Method']
"How was N shipped back then, a few years ago? Question for old timers",https://sanctioned-suicide.net/threads/how-was-n-shipped-back-then-a-few-years-ago-question-for-old-timers.172417/,138,4,Wednesday at 5:59 PM,['none']
Spontaneous suicide,https://sanctioned-suicide.net/threads/spontaneous-suicide.172405/,156,4,Wednesday at 4:27 PM,['Help']
"Would you kill yourself if you knew that, no matter what method you do, you *will* succeed for sure",https://sanctioned-suicide.net/threads/would-you-kill-yourself-if-you-knew-that-no-matter-what-method-you-do-you-will-succeed-for-sure.164055/,1K,59,"May 9, 2024",['Discussion']
Does this site prevent unintentional suicides?,https://sanctioned-suicide.net/threads/does-this-site-prevent-unintentional-suicides.172177/,211,2,"Jul 15, 2024",['none']
Would be dead tonight if I had a place to do it.,https://sanctioned-suicide.net/threads/would-be-dead-tonight-if-i-had-a-place-to-do-it.170320/,352,6,"Jun 29, 2024",['Venting']
3 Top Fears?,https://sanctioned-suicide.net/threads/3-top-fears.171011/,1K,52,"Jul 5, 2024",['Discussion']
Were you always suicidal or did a single event set it in motion?,https://sanctioned-suicide.net/threads/were-you-always-suicidal-or-did-a-single-event-set-it-in-motion.165167/,415,26,"May 16, 2024",['none']
Thought Loop,https://sanctioned-suicide.net/threads/thought-loop.172095/,164,5,"Jul 14, 2024",['none']
Trying to find a method in everything I see,https://sanctioned-suicide.net/threads/trying-to-find-a-method-in-everything-i-see.172412/,72,0,Wednesday at 5:34 PM,['none']
I want help but I refuse to have my rights restricted...,https://sanctioned-suicide.net/threads/i-want-help-but-i-refuse-to-have-my-rights-restricted.172329/,293,16,Tuesday at 11:08 PM,['Help']
How to make yourself LOOSE CONCIOUSNESS (the choking game?)?,https://sanctioned-suicide.net/threads/how-to-make-yourself-loose-conciousness-the-choking-game.170334/,492,8,"Jun 29, 2024",['Help']
would it financially ruin my family if i killed myself in a different state?,https://sanctioned-suicide.net/threads/would-it-financially-ruin-my-family-if-i-killed-myself-in-a-different-state.172331/,117,1,Wednesday at 12:29 AM,['Help']
Brasil,https://sanctioned-suicide.net/threads/brasil.172404/,69,4,Wednesday at 4:26 PM,['none']
Oldest human died in Indonesia aged 146,https://sanctioned-suicide.net/threads/oldest-human-died-in-indonesia-aged-146.140154/,1K,27,"Nov 7, 2023",['none']
Starving with Pepto bismaul?,https://sanctioned-suicide.net/threads/starving-with-pepto-bismaul.172402/,110,3,Wednesday at 3:39 PM,['Method']
Off a bridge,https://sanctioned-suicide.net/threads/off-a-bridge.172396/,88,1,Wednesday at 2:24 PM,['Venting']
Anyone on Lithium? Does it makes you feel more or less inclined toward ctb?,https://sanctioned-suicide.net/threads/anyone-on-lithium-does-it-makes-you-feel-more-or-less-inclined-toward-ctb.172372/,105,3,Wednesday at 12:14 PM,['Venting']
Flashbacks of homophobia,https://sanctioned-suicide.net/threads/flashbacks-of-homophobia.172347/,190,5,Wednesday at 4:04 AM,['none']
Is it normal to feel this way?,https://sanctioned-suicide.net/threads/is-it-normal-to-feel-this-way.172400/,115,2,Wednesday at 3:09 PM,['none']
I give up... This life is not going to work out.,https://sanctioned-suicide.net/threads/i-give-up-this-life-is-not-going-to-work-out.172344/,207,2,Wednesday at 3:11 AM,['none']
AlguÃ©m do Brasil,https://sanctioned-suicide.net/threads/alguem-do-brasil.169641/,223,5,"Jun 23, 2024",['none']
doubt about method for CTB,https://sanctioned-suicide.net/threads/doubt-about-method-for-ctb.170312/,151,1,"Jun 29, 2024",['none']
TENT,https://sanctioned-suicide.net/threads/tent.171310/,347,12,"Jul 8, 2024",['none']
"MaxDog nitro brewing, where to source W.BritishColumbia",https://sanctioned-suicide.net/threads/maxdog-nitro-brewing-where-to-source-w-britishcolumbia.172388/,90,2,Wednesday at 1:47 PM,['none']
Anyone start hating all entertainment?,https://sanctioned-suicide.net/threads/anyone-start-hating-all-entertainment.172385/,106,1,Wednesday at 1:41 PM,['none']
Orthorexia as SH,https://sanctioned-suicide.net/threads/orthorexia-as-sh.172395/,80,2,Wednesday at 2:16 PM,['none']
Benadryl with SN,https://sanctioned-suicide.net/threads/benadryl-with-sn.172398/,73,1,Wednesday at 2:34 PM,['none']
,https://sanctioned-suicide.net/threads/anyone-else-consider-eating-a-chore.172369/,,,,['none']
,https://sanctioned-suicide.net/threads/debilitating-mental-illness.172275/,,,,['']
,https://sanctioned-suicide.net/threads/anyone-else-binge-eat-and-think-like-this.170637/,,,,['none']
,https://sanctioned-suicide.net/threads/grappling-with-that-persistent-loneliness.172389/,,,,['']
,https://sanctioned-suicide.net/threads/doing-what-you-think-is-moral-and-ethical-is-the-only-way-to-do-it-with-peace-of-mind.172392/,,,,['none']
,https://sanctioned-suicide.net/threads/i-dont-get-why-ive-to-put-in-so-much-effort-just-to-live-normally-only-to-still-end-up-miserable-in-the-end.171397/,,,"Jul 8, 2024",['Venting']
,https://sanctioned-suicide.net/threads/hopefully-my-final-goodbye.172249/,600,19,Tuesday at 9:23 AM,['none']
When you actually had one person really care but drove them away,https://sanctioned-suicide.net/threads/when-you-actually-had-one-person-really-care-but-drove-them-away.172377/,87,2,Wednesday at 12:41 PM,['none']
"vent, drugs and mortality etc",https://sanctioned-suicide.net/threads/vent-drugs-and-mortality-etc.172384/,50,0,Wednesday at 1:39 PM,['Venting']
How to actually go through with it?,https://sanctioned-suicide.net/threads/how-to-actually-go-through-with-it.172234/,342,12,Tuesday at 4:45 AM,['none']
Looking for any advice or opinion on my situation. Strongly considering CTB soon.,https://sanctioned-suicide.net/threads/looking-for-any-advice-or-opinion-on-my-situation-strongly-considering-ctb-soon.172371/,144,6,Wednesday at 11:58 AM,['none']
Not sure what method,https://sanctioned-suicide.net/threads/not-sure-what-method.172378/,90,1,Wednesday at 12:47 PM,['none']
I'm ready to die right now but CTB takes energy and I have zero energy...,https://sanctioned-suicide.net/threads/im-ready-to-die-right-now-but-ctb-takes-energy-and-i-have-zero-energy.170460/,296,4,"Jun 30, 2024",['none']
Suppliers for Phentoarbital (or Sodium Pentoarbital)?,https://sanctioned-suicide.net/threads/suppliers-for-phentoarbital-or-sodium-pentoarbital.172272/,295,9,Tuesday at 2:28 PM,['none']
Purposely not eating or sleeping,https://sanctioned-suicide.net/threads/purposely-not-eating-or-sleeping.172373/,98,2,Wednesday at 12:23 PM,['none']
Advice from Singaporeans or anyone?,https://sanctioned-suicide.net/threads/advice-from-singaporeans-or-anyone.172374/,73,0,Wednesday at 12:23 PM,['none']
The peaceful day of the rope in the trees...(full suspension),https://sanctioned-suicide.net/threads/the-peaceful-day-of-the-rope-in-the-trees-full-suspension.172346/,323,8,Wednesday at 3:44 AM,['Method']
goodbye thread - SN Brazil,https://sanctioned-suicide.net/threads/goodbye-thread-sn-brazil.172194/,720,21,"Jul 15, 2024",['none']
How is it so hard to connect with people?,https://sanctioned-suicide.net/threads/how-is-it-so-hard-to-connect-with-people.172125/,230,6,"Jul 15, 2024",['Venting']
Pretending to be a normie to my family is so difficult,https://sanctioned-suicide.net/threads/pretending-to-be-a-normie-to-my-family-is-so-difficult.170789/,336,9,"Jul 3, 2024",['Venting']
ISO benzo/RC source,https://sanctioned-suicide.net/threads/iso-benzo-rc-source.172247/,261,11,Tuesday at 8:49 AM,['none']
I donâ€™t like being human.,https://sanctioned-suicide.net/threads/i-dont-like-being-human.172317/,327,17,Tuesday at 9:15 PM,['Venting']
Planning on jumping any tips,https://sanctioned-suicide.net/threads/planning-on-jumping-any-tips.171923/,184,4,"Jul 13, 2024",['none']
ASAP,https://sanctioned-suicide.net/threads/asap.172365/,100,3,Wednesday at 11:04 AM,['none']
SN preservation,https://sanctioned-suicide.net/threads/sn-preservation.172361/,94,1,Wednesday at 10:16 AM,['none']
Talking to ai out of loneliness,https://sanctioned-suicide.net/threads/talking-to-ai-out-of-loneliness.172293/,306,16,Tuesday at 4:26 PM,['Venting']
Staying up for days at a time to get in right mental state,https://sanctioned-suicide.net/threads/staying-up-for-days-at-a-time-to-get-in-right-mental-state.172332/,170,4,Wednesday at 12:34 AM,['none']
Should I shouldnâ€™t I?,https://sanctioned-suicide.net/threads/should-i-shouldnt-i.172290/,150,4,Tuesday at 4:00 PM,['none']
I think I'll go with drowning,https://sanctioned-suicide.net/threads/i-think-ill-go-with-drowning.166105/,562,8,"May 23, 2024",['Venting']
Neurodivergence poll,https://sanctioned-suicide.net/threads/neurodivergence-poll.172283/,456,27,Tuesday at 3:27 PM,['Discussion']
I survived,https://sanctioned-suicide.net/threads/i-survived.172349/,345,4,Wednesday at 4:23 AM,['none']
Peru Lima Do not ignore please,https://sanctioned-suicide.net/threads/peru-lima-do-not-ignore-please.171708/,1K,23,"Jul 11, 2024",['none']
Family wonâ€™t let me kill myself so Iâ€™m just gonna be unbearable until they give up ðŸ˜‚,https://sanctioned-suicide.net/threads/family-wont-let-me-kill-myself-so-im-just-gonna-be-unbearable-until-they-give-up.172320/,205,4,Tuesday at 9:41 PM,['none']
Is there any Korean got their SN from DMC?,https://sanctioned-suicide.net/threads/is-there-any-korean-got-their-sn-from-dmc.172356/,63,0,Wednesday at 7:30 AM,['none']
al0neinmy$kin,https://sanctioned-suicide.net/threads/al0neinmy-kin.170161/,173,1,"Jun 28, 2024",['none']
i hate being watched 24/7,https://sanctioned-suicide.net/threads/i-hate-being-watched-24-7.172270/,313,9,Tuesday at 2:22 PM,['Venting']
Healing but still want to do it in spite of everything?,https://sanctioned-suicide.net/threads/healing-but-still-want-to-do-it-in-spite-of-everything.172127/,147,3,"Jul 15, 2024",['Venting']
Not sure when feels like a good time to CBT,https://sanctioned-suicide.net/threads/not-sure-when-feels-like-a-good-time-to-cbt.171814/,111,3,"Jul 12, 2024",['Venting']
"Drowning-vent- severe cfs/ me(bed/ house bound canâ€™t do anything) ptsd, dPDR, did, anxiety- used to be healthy and happy- narcissistic abuse caused it",https://sanctioned-suicide.net/threads/drowning-vent-severe-cfs-me-bed-house-bound-cant-do-anything-ptsd-dpdr-did-anxiety-used-to-be-healthy-and-happy-narcissistic-abuse-caused-it.172353/,96,1,Wednesday at 6:19 AM,['none']
Paradise is not in the waking state i got it 2 short moments in a dream...,https://sanctioned-suicide.net/threads/paradise-is-not-in-the-waking-state-i-got-it-2-short-moments-in-a-dream.172352/,64,0,Wednesday at 6:18 AM,['Story']
"I failed the ""Night night"" method twice, trying again today",https://sanctioned-suicide.net/threads/i-failed-the-night-night-method-twice-trying-again-today.169560/,1K,14,"Jun 22, 2024",['none']
Feeling very confused tonight,https://sanctioned-suicide.net/threads/feeling-very-confused-tonight.172343/,137,9,Wednesday at 2:58 AM,['none']
My introduction,https://sanctioned-suicide.net/threads/my-introduction.171796/,210,6,"Jul 12, 2024",['Story']
having to wait till the day I planned to ctb is torture,https://sanctioned-suicide.net/threads/having-to-wait-till-the-day-i-planned-to-ctb-is-torture.172348/,66,0,Wednesday at 4:10 AM,['none']
I am my own worst enemy.,https://sanctioned-suicide.net/threads/i-am-my-own-worst-enemy.171782/,149,5,"Jul 12, 2024",['Venting']
im planning on ctb with sodium thiopentone (thiopental),https://sanctioned-suicide.net/threads/im-planning-on-ctb-with-sodium-thiopentone-thiopental.172341/,123,1,Wednesday at 2:38 AM,['Help']
Time from Passing Out to Death with Carotid (and probably Jugular) Blockage,https://sanctioned-suicide.net/threads/time-from-passing-out-to-death-with-carotid-and-probably-jugular-blockage.172193/,390,7,"Jul 15, 2024",['none']
are my problems real shit that I shouldn`t tell to anybody?,https://sanctioned-suicide.net/threads/are-my-problems-real-shit-that-i-shouldn-t-tell-to-anybody.172276/,173,8,Tuesday at 2:55 PM,['Venting']
DMC SN has arrived(Canada),https://sanctioned-suicide.net/threads/dmc-sn-has-arrived-canada.171721/,364,8,"Jul 11, 2024",['Story']
My mind is deteriorating,https://sanctioned-suicide.net/threads/my-mind-is-deteriorating.172330/,117,2,Tuesday at 11:46 PM,['none']
,https://sanctioned-suicide.net/threads/i-cant-help-anyone.170371/,,,,['none']
,https://sanctioned-suicide.net/threads/what-even-is-getting-better.172207/,,,,['none']
,https://sanctioned-suicide.net/threads/sn-from-dmc-arrived-without-problems.167422/,,,,['Story']
diphenhydramine as alternative to benzos in SN method?,https://sanctioned-suicide.net/threads/diphenhydramine-as-alternative-to-benzos-in-sn-method.172261/,145,6,Tuesday at 1:00 PM,['Method']
DMC SN to the UK,https://sanctioned-suicide.net/threads/dmc-sn-to-the-uk.169362/,443,8,"Jun 20, 2024",['none']
SN Source,https://sanctioned-suicide.net/threads/sn-source.172337/,109,0,Wednesday at 1:16 AM,['none']
OD on Propranolol??,https://sanctioned-suicide.net/threads/od-on-propranolol.172336/,66,0,Wednesday at 1:07 AM,['none']
"I have some SN questions. I know propanolol is a luxury drug, but in case we decide to take it, when should it be taken?",https://sanctioned-suicide.net/threads/i-have-some-sn-questions-i-know-propanolol-is-a-luxury-drug-but-in-case-we-decide-to-take-it-when-should-it-be-taken.172333/,63,0,Wednesday at 12:45 AM,['Help']
I am a scientist.,https://sanctioned-suicide.net/threads/i-am-a-scientist.172328/,144,2,Tuesday at 10:55 PM,['none']
Quetiapine as AE for SN,https://sanctioned-suicide.net/threads/quetiapine-as-ae-for-sn.171013/,187,5,"Jul 5, 2024",['none']
"For those planning to use SN, how are you overcoming any fear?",https://sanctioned-suicide.net/threads/for-those-planning-to-use-sn-how-are-you-overcoming-any-fear.171088/,920,26,"Jul 5, 2024",['Method']
Will sleeping pills work as well as Benzos for the SN method?,https://sanctioned-suicide.net/threads/will-sleeping-pills-work-as-well-as-benzos-for-the-sn-method.172239/,146,5,Tuesday at 5:51 AM,['Method']
My reason for trying to recover just went out the window,https://sanctioned-suicide.net/threads/my-reason-for-trying-to-recover-just-went-out-the-window.171905/,178,2,"Jul 13, 2024",['Venting']
"SN source in india please, its fine if you can't directly share the sources",https://sanctioned-suicide.net/threads/sn-source-in-india-please-its-fine-if-you-cant-directly-share-the-sources.167146/,321,6,"Jun 1, 2024",['Help']
Objectives and Subjectives,https://sanctioned-suicide.net/threads/objectives-and-subjectives.172327/,75,1,Tuesday at 10:36 PM,['none']
Me only,https://sanctioned-suicide.net/threads/me-only.172325/,99,3,Tuesday at 10:21 PM,['Venting']
Borderline and Updates,https://sanctioned-suicide.net/threads/borderline-and-updates.170458/,213,2,"Jun 30, 2024",['none']
U.S. SN source,https://sanctioned-suicide.net/threads/u-s-sn-source.170624/,700,14,"Jul 1, 2024",['none']
my dad worries i might hurt myself,https://sanctioned-suicide.net/threads/my-dad-worries-i-might-hurt-myself.171569/,138,1,"Jul 10, 2024",['none']
It's just so hard living...,https://sanctioned-suicide.net/threads/its-just-so-hard-living.171294/,249,3,"Jul 7, 2024",['Venting']
Worst feeling in the world,https://sanctioned-suicide.net/threads/worst-feeling-in-the-world.171883/,147,2,"Jul 12, 2024",['none']
Inert gas method (nitrogen or helium),https://sanctioned-suicide.net/threads/inert-gas-method-nitrogen-or-helium.167465/,1K,34,"Jun 4, 2024",['Help']
"Thankfully, The Time Has FINALLY Come...",https://sanctioned-suicide.net/threads/thankfully-the-time-has-finally-come.43932/,2K,22,"Jul 24, 2020",['Venting']
Constant feeling of worthlessness,https://sanctioned-suicide.net/threads/constant-feeling-of-worthlessness.172324/,85,0,Tuesday at 10:13 PM,['Venting']
I hate rationalizing things,https://sanctioned-suicide.net/threads/i-hate-rationalizing-things.172322/,43,0,Tuesday at 9:56 PM,['none']
The last straw,https://sanctioned-suicide.net/threads/the-last-straw.172321/,85,0,Tuesday at 9:49 PM,['Venting']
COMPRAR SN BRASIL,https://sanctioned-suicide.net/threads/comprar-sn-brasil.168148/,835,35,"Jun 10, 2024",['none']
I should be able to buy my own Nembutal at the pharmacy!,https://sanctioned-suicide.net/threads/i-should-be-able-to-buy-my-own-nembutal-at-the-pharmacy.172314/,85,0,Tuesday at 8:52 PM,['Venting']
Potassium nitrite procedure,https://sanctioned-suicide.net/threads/potassium-nitrite-procedure.166077/,1K,5,"May 23, 2024",['Help']
i hate myself,https://sanctioned-suicide.net/threads/i-hate-myself.169263/,275,4,"Jun 19, 2024",['Venting']
This website has become too anti-suicide and life valuing,https://sanctioned-suicide.net/threads/this-website-has-become-too-anti-suicide-and-life-valuing.165075/,2K,44,"May 16, 2024",['Venting']
"Chlorine gas inhalation, does it work?",https://sanctioned-suicide.net/threads/chlorine-gas-inhalation-does-it-work.172313/,66,0,Tuesday at 8:18 PM,['none']
Disorganized vent,https://sanctioned-suicide.net/threads/disorganized-vent.172311/,78,0,Tuesday at 8:16 PM,['Venting']
in case you vomit...,https://sanctioned-suicide.net/threads/in-case-you-vomit.172139/,364,6,"Jul 15, 2024",['none']
I'm ready to go,https://sanctioned-suicide.net/threads/im-ready-to-go.172089/,191,3,"Jul 14, 2024",['none']
I hate it here. I wanna die already,https://sanctioned-suicide.net/threads/i-hate-it-here-i-wanna-die-already.172305/,61,0,Tuesday at 6:54 PM,['Venting']
Oh the irony of finally getting a method of death,https://sanctioned-suicide.net/threads/oh-the-irony-of-finally-getting-a-method-of-death.172302/,131,1,Tuesday at 5:51 PM,['none']
Can I post my personal information the day I die so you guys can check the obituary?,https://sanctioned-suicide.net/threads/can-i-post-my-personal-information-the-day-i-die-so-you-guys-can-check-the-obituary.164785/,922,28,"May 14, 2024",['Discussion']
Nothing I do is ever good enough,https://sanctioned-suicide.net/threads/nothing-i-do-is-ever-good-enough.172300/,68,2,Tuesday at 5:32 PM,['Venting']
US Sources for antiemetic and other SN related stuff?,https://sanctioned-suicide.net/threads/us-sources-for-antiemetic-and-other-sn-related-stuff.172288/,77,1,Tuesday at 3:43 PM,['none']
I don't know what to do anymore,https://sanctioned-suicide.net/threads/i-dont-know-what-to-do-anymore.172301/,88,0,Tuesday at 5:47 PM,['Venting']
Full over partial suspension?,https://sanctioned-suicide.net/threads/full-over-partial-suspension.165061/,544,2,"May 16, 2024",['none']
Eternal sleep would be the best thing I could dream of. Anyone else addicted to sleeping?,https://sanctioned-suicide.net/threads/eternal-sleep-would-be-the-best-thing-i-could-dream-of-anyone-else-addicted-to-sleeping.164930/,321,17,"May 15, 2024",['none']
"I hate it when people try to ""save"" me",https://sanctioned-suicide.net/threads/i-hate-it-when-people-try-to-save-me.172299/,82,0,Tuesday at 5:25 PM,['Venting']
30f autistic female,https://sanctioned-suicide.net/threads/30f-autistic-female.172291/,209,3,Tuesday at 4:22 PM,['none']
Rope recommendation for decapitation by car,https://sanctioned-suicide.net/threads/rope-recommendation-for-decapitation-by-car.172296/,70,0,Tuesday at 5:02 PM,['none']
Life truly didn't get better.,https://sanctioned-suicide.net/threads/life-truly-didnt-get-better.172295/,119,0,Tuesday at 4:54 PM,['Venting']
Rant about SI,https://sanctioned-suicide.net/threads/rant-about-si.172294/,88,0,Tuesday at 4:47 PM,['Venting']
Really hate anti suiciders,https://sanctioned-suicide.net/threads/really-hate-anti-suiciders.172279/,208,3,Tuesday at 3:13 PM,['Venting']
Brain like a hurricane,https://sanctioned-suicide.net/threads/brain-like-a-hurricane.171432/,204,5,"Jul 9, 2024",['Venting']
,https://sanctioned-suicide.net/threads/tired-of-faking-it.172109/,,,,['']
,https://sanctioned-suicide.net/threads/tent-for-co.170634/,,,,['none']
,https://sanctioned-suicide.net/threads/i-have-a-concern.172287/,,,,['none']
,https://sanctioned-suicide.net/threads/how-old-were-you-guys-when-you-first-felt-wanting-to-die.170120/,,,,['none']
,https://sanctioned-suicide.net/threads/is-there-any-way-i-could-somehow-not-fail-the-sn-method-without-antiemetics.158696/,,,,['none']
,https://sanctioned-suicide.net/threads/i-think-i-am-delusional-i-dont-even-understand-anything-anymore.172100/,,,,['']
,https://sanctioned-suicide.net/threads/i-tried-to-ctb-yesterday.172281/,,,,['none']
,https://sanctioned-suicide.net/threads/maybe-its-my-time.172278/,,,,['none']
,https://sanctioned-suicide.net/threads/what-a-shame-to-all-the-countries-institutions-companies-etc-which-punish-criminalize-ctb-suicide-attempts.172256/,,,,['none']
,https://sanctioned-suicide.net/threads/ideas-with-little-resources.172269/,,,,['none']
,https://sanctioned-suicide.net/threads/i-need-help-using-pills.172267/,,,,['']
,https://sanctioned-suicide.net/threads/pentobarbital-n-questions.167893/,,,,['none']
,https://sanctioned-suicide.net/threads/the-past-and-what-i-realize-now-that-ik-i-have-bpd.168053/,,,,['none']
,https://sanctioned-suicide.net/threads/think-its-time.172262/,,,,['']
,https://sanctioned-suicide.net/threads/need-help-finding-beta-blockers-for-sn-method-pm-pls-if-you-can.172248/,,,,['']
,https://sanctioned-suicide.net/threads/i-really-need-to-go-now.172260/,,,,['']
,https://sanctioned-suicide.net/threads/i-need-to-get-out-of-life.172257/,,,,['']
,https://sanctioned-suicide.net/threads/any-successful-night-night-methods.169156/,,,,['none']
,https://sanctioned-suicide.net/threads/i-wish-there-was-someone-helping-me-writing-down-stuff-putting-my-belongings-in-boxes-etc.172258/,,,,['none']
,https://sanctioned-suicide.net/threads/what-has-your-depression-anxiety-or-other-mental-health-struggles-cost-you.172243/,,,,['none']
,https://sanctioned-suicide.net/threads/sn-source-ships-to-ireland.166839/,,,,['']
,https://sanctioned-suicide.net/threads/had-the-worst-day-is-only-4pm.172250/,,,,['none']
,https://sanctioned-suicide.net/threads/can-i-mix-chemicals.172238/,,,,['']
,https://sanctioned-suicide.net/threads/ideal-substances-for-overcoming-last-minute-terror-partial-hanging-hypothetical-do-not-try.172240/,,,,['']
,https://sanctioned-suicide.net/threads/article-the-right-to-die-should-not-just-be-limited-to-the-terminally-ill-but-for-all-people.171828/,,,,['none']
,https://sanctioned-suicide.net/threads/helpline-girl-called-the-cops-on-me.172009/,,,,['']
,https://sanctioned-suicide.net/threads/how-will-they-find-you.172073/,,,,['none']
,https://sanctioned-suicide.net/threads/questions-about-the-sn-from-bo.172158/,,,,['none']
,https://sanctioned-suicide.net/threads/article-why-the-criminal-justice-system-compared-to-the-mental-health-system-is-the-lesser-of-two-carceral-systems.170374/,,,,['none']
,https://sanctioned-suicide.net/threads/vsed-with-oxy-and-f.172251/,,,,['']
,https://sanctioned-suicide.net/threads/a-therapist-wont-change-anything.171966/,,,,['']
,https://sanctioned-suicide.net/threads/low-dose-sn-result-failure.169825/,,,,['']
,https://sanctioned-suicide.net/threads/the-violent-force-of-cultural-pressures.172245/,,,,['none']
,https://sanctioned-suicide.net/threads/how-many-random-pills-to-ctb.172244/,,,,['']
,https://sanctioned-suicide.net/threads/how-do-you-get-over-the-fear-of-dying.172161/,,,,['']
,https://sanctioned-suicide.net/threads/hopefully-a-goodbye-thread-scheduled.167440/,,,,['none']
,https://sanctioned-suicide.net/threads/its-been-a-year-today.168361/,,,,['']
,https://sanctioned-suicide.net/threads/anyone-from-michigan.172241/,,,,['']
,https://sanctioned-suicide.net/threads/its-like-im-addicted-to-wanting-to-die.171849/,,,,['none']
,https://sanctioned-suicide.net/threads/how-much-did-you-pay-for-sn.156727/,,,,['none']
,https://sanctioned-suicide.net/threads/how-do-i-make-it-look-like-an-accident.172235/,,,,['']
,https://sanctioned-suicide.net/threads/the-google-result-for-suicide-encouragement-is-about-this-site.172176/,,,,['none']
,https://sanctioned-suicide.net/threads/will-this-rope-hold.172128/,,,,['']
,https://sanctioned-suicide.net/threads/life-expectancy-is-too-long-for-me.172237/,,,,['none']
,https://sanctioned-suicide.net/threads/shallow-water-blackout-help.172163/,,,,['']
,https://sanctioned-suicide.net/threads/i-want-to-ctb-so-fucking-bad-but-i-feel-bad-for-my-mom.172230/,,,,['']
,https://sanctioned-suicide.net/threads/if-you-had-to-chose-would-you-go-with-sn-or-gun-shotgun.166529/,,,,['none']
,https://sanctioned-suicide.net/threads/seeking-information.171919/,,,,['none']
,https://sanctioned-suicide.net/threads/loneliness-megathread.74240/,,,,['none']
,https://sanctioned-suicide.net/threads/ive-been-trying-to-swb-for-almost-a-year-now-cant-figure-it-out.165553/,,,,['']
,https://sanctioned-suicide.net/threads/strong-urge-to-ctb.172153/,,,,['']
,https://sanctioned-suicide.net/threads/currently-practicing-partial-hanging.170275/,,,,['none']
,https://sanctioned-suicide.net/threads/i-am-so-paranoid-i-cant-sleep.172214/,,,,['']
,https://sanctioned-suicide.net/threads/stop-that-youre-being-childish.172026/,,,,['']
,https://sanctioned-suicide.net/threads/i-am-falling-apart.172120/,,,,['none']
,https://sanctioned-suicide.net/threads/i-cant-do-my-job-anymore-but-i-still-need-money.168347/,,,,['']
,https://sanctioned-suicide.net/threads/hes-gone.172204/,,,,['']
,https://sanctioned-suicide.net/threads/full-suspension-hanging-question.172226/,,,,['']
,https://sanctioned-suicide.net/threads/how-to-stop-wanting-to-ctb-temporarily.172224/,,,,['none']
,https://sanctioned-suicide.net/threads/confused-and-beyond-fixing.172225/,,,,['']
,https://sanctioned-suicide.net/threads/went-through-my-exs-phone.172216/,,,,['']
,https://sanctioned-suicide.net/threads/i-hate-everything.171425/,,,,['']
,https://sanctioned-suicide.net/threads/cruel.172206/,,,,['']
,https://sanctioned-suicide.net/threads/assisted-suicide-canada.172223/,,,,['none']
,https://sanctioned-suicide.net/threads/ok-i-need-serious-help-quick-please.171804/,,,,['']
,https://sanctioned-suicide.net/threads/need-sn-ctb-plan-advice-for-the-clueless-desperate-please-help.169695/,,,,['']
,https://sanctioned-suicide.net/threads/there-are-a-lot-of-people-in-a-lot-of-pain-on-here.172212/,,,,['none']
,https://sanctioned-suicide.net/threads/dont-know-what-to-do-about-my-online-girlfriend.172113/,,,,['']
,https://sanctioned-suicide.net/threads/my-mom-is-a-gambling-addict-roasting-my-mom.172209/,,,,['']
,https://sanctioned-suicide.net/threads/no-rational-being-would-put-themselves-into-this-situation.172134/,,,,['']
,https://sanctioned-suicide.net/threads/death-with-dignity-states.172165/,,,,['none']
,https://sanctioned-suicide.net/threads/documented-sn-un-successful-stories-with-pph-protocol.172220/,,,,['none']
,https://sanctioned-suicide.net/threads/all-i-think-about-is-su-all-i-want-to-talk-about-is-su-but-im-not-allowed.171605/,,,,['']
,https://sanctioned-suicide.net/threads/anyone-have-experience-buying-firearms-in-new-hampshire.172174/,,,,['none']
,https://sanctioned-suicide.net/threads/hopefully-ill-be-successful-tonight-partial-hanging.172215/,,,,['none']
,https://sanctioned-suicide.net/threads/8-fucking-hours.172213/,,,,['']
,https://sanctioned-suicide.net/threads/what-do-cats-think.171565/,,,,['none']
,https://sanctioned-suicide.net/threads/good-spot-at-beachy-head.172211/,,,,['']
,https://sanctioned-suicide.net/threads/what-if-we-dont-find-peace.168989/,,,,['']
,https://sanctioned-suicide.net/threads/i-will-always-want-to-die.171474/,,,,['']
,https://sanctioned-suicide.net/threads/are-we-born-into-slavery.168012/,,,,['none']
,https://sanctioned-suicide.net/threads/chlorine-gas-as-a-method.172140/,,,,['']
,https://sanctioned-suicide.net/threads/i-find-it-deeply-repulsive-how-many-support-the-idea-of-suicide-prevention.169133/,,,,['']
,https://sanctioned-suicide.net/threads/its-now-or-the-psych-ward.172201/,,,,['']
,https://sanctioned-suicide.net/threads/suicide-by-anoxeria.167478/,,,,['none']
,https://sanctioned-suicide.net/threads/permission-to-ban-and-or-kill-me.172159/,,,,['none']
,https://sanctioned-suicide.net/threads/how-to-stop-serious-anxiety-through-drugs.172064/,,,,['']
,https://sanctioned-suicide.net/threads/why-is-it-so-fucking-hard-to-find-a-peaceful-method.170266/,,,,['none']
,https://sanctioned-suicide.net/threads/how-to-get-n-in-the-west-coast.172175/,,,,['none']
,https://sanctioned-suicide.net/threads/feeling-ignored-in-life.172190/,,,,['none']
,https://sanctioned-suicide.net/threads/what-if-everyone-stopped-working.172195/,,,,['']
,https://sanctioned-suicide.net/threads/i-feel-very-sick-and-lonely-can-we-talk.172115/,,,,['']
,https://sanctioned-suicide.net/threads/why-the-fuck-does-it-have-to-be-so-expensive-to-ctb.168162/,,,,['none']
,https://sanctioned-suicide.net/threads/which-method.169135/,,,,['none']
,https://sanctioned-suicide.net/threads/how-to-accept-that-this-is-the-end-for-me.172169/,,,,['none']
,https://sanctioned-suicide.net/threads/thought-life-was-getting-better-but-i-guess-i-learned-the-hard-way-not-to-let-your-guard-down.172188/,,,,['']
,https://sanctioned-suicide.net/threads/im-begging-for-someone-to-help-me-find-sn.172185/,,,,['']
,https://sanctioned-suicide.net/threads/overdose-com-venlafaxina.172168/,158,2,"Jul 15, 2024",['Help']
Bought my sodium nitrite.,https://sanctioned-suicide.net/threads/bought-my-sodium-nitrite.171426/,482,4,"Jul 8, 2024",['Method']
Forced life is very sad. Why! Why does dying have to be Hard?,https://sanctioned-suicide.net/threads/forced-life-is-very-sad-why-why-does-dying-have-to-be-hard.164626/,447,4,"May 13, 2024",['none']
,https://sanctioned-suicide.net/threads/i-hope-i-have-the-courage.172155/,,,,['none']
,https://sanctioned-suicide.net/threads/how-much-searching-do-they-do-on-your-phone-after-a-suicide.139730/,,,,['none']
,https://sanctioned-suicide.net/threads/not-going-to-ctb.171529/,,,,['none']
,https://sanctioned-suicide.net/threads/exit-via-argon-uk-users.170797/,,,,['']
,https://sanctioned-suicide.net/threads/dmc-ships-to-canada.169179/,,,,['none']
,https://sanctioned-suicide.net/threads/ppl-try-slnc-all.172171/,,,,['']
,https://sanctioned-suicide.net/threads/natural-gas-as-a-suicide-method.172152/,,,,['']
,https://sanctioned-suicide.net/threads/find-ae.171446/,,,,['']
,https://sanctioned-suicide.net/threads/i-found-my-cat-dead-yesterday.172096/,,,,['none']
,https://sanctioned-suicide.net/threads/if-you-could-use-any-method-which-one-s-would-you-take.172147/,,,,['none']
,https://sanctioned-suicide.net/threads/overwhelmed-by-note-writing.172156/,,,,['']
,https://sanctioned-suicide.net/threads/day-15-the-sequel-to-how-to-kill-yourself-in-fourteen-days.172166/,,,,['']
,https://sanctioned-suicide.net/threads/argument-against-suicide.172104/,,,,['']
,https://sanctioned-suicide.net/threads/suspected-successful-ctbs-of-the-past-6-months-first-half-of-2024.170679/,,,,['none']
,https://sanctioned-suicide.net/threads/my-sn-purchase-got-refunded.171889/,,,,['']
,https://sanctioned-suicide.net/threads/turned-19-today.171894/,,,,['']
,https://sanctioned-suicide.net/threads/reason-for-sn-purchase.172149/,,,,['none']
,https://sanctioned-suicide.net/threads/the-gift-that-kills-you.169959/,,,,['none']
,https://sanctioned-suicide.net/threads/try-again.172102/,,,,['none']
,https://sanctioned-suicide.net/threads/does-sd-sn-source-ship-abroad.172126/,,,,['none']
,https://sanctioned-suicide.net/threads/hot-air-balloon-suicide-method-thoughts.166834/,,,,['']
,https://sanctioned-suicide.net/threads/dont-know-when-to-start.172150/,,,,['']
,https://sanctioned-suicide.net/threads/how-do-you-know-when-youre-ready-to-ctb.172112/,,,,['none']
,https://sanctioned-suicide.net/threads/i-really-hope-the-gun-method-is-as-painless-as-the-mega-thread-says-it-is.172144/,,,,['']
,https://sanctioned-suicide.net/threads/how-i-would-sedate-myself-into-death-legally-i-study-pharmacology.114484/,,,,['']
,https://sanctioned-suicide.net/threads/i-believe-if-you-are-having-issues-with-si-things-have-just-not-gotten-bad-enough.165386/,,,,['none']
,https://sanctioned-suicide.net/threads/bathtub-drowning-that-works.170276/,,,,['']
,https://sanctioned-suicide.net/threads/arranged-marriage.172146/,,,,['']
,https://sanctioned-suicide.net/threads/people-who-sh-how-did-you-get-into-it-and-why-do-you-continue.172006/,,,,['']
,https://sanctioned-suicide.net/threads/sooner-or-later-for-those-who-will-ctb.171811/,,,,['none']
,https://sanctioned-suicide.net/threads/few-suicides-on-royal-gorge-bridge.172143/,,,,['none']
,https://sanctioned-suicide.net/threads/hi.172121/,,,,['none']
,https://sanctioned-suicide.net/threads/so-dmc-is-the-only-sn-source-ships-abroad.172132/,,,,['none']
,https://sanctioned-suicide.net/threads/finally-writing-my-suicide-note.170819/,,,,['none']
,https://sanctioned-suicide.net/threads/can-i-cutt-him-off.170508/,,,,['']
,https://sanctioned-suicide.net/threads/the-reason-for-my-death.171206/,,,,['none']
,https://sanctioned-suicide.net/threads/do-cats-understand-death.171906/,,,,['none']
,https://sanctioned-suicide.net/threads/olanzapine-intoxication-and-drowning.172138/,,,,['none']
,https://sanctioned-suicide.net/threads/looking-for-someone-to-be-with-me-at-the-end.172137/,,,,['none']
,https://sanctioned-suicide.net/threads/what-i-wont-write-in-the-note.172135/,,,,['']
,https://sanctioned-suicide.net/threads/tourniquet-help.172136/,,,,['']
,https://sanctioned-suicide.net/threads/chronic-lyme-disease.172024/,,,,['none']
,https://sanctioned-suicide.net/threads/my-friend-who-i-met-on-this-forum-successfully-ctbed-yesterday-4-6-2024-5-6pm.159247/,,,,['none']
,https://sanctioned-suicide.net/threads/having-potential-and-life-goals-but-wanting-to-ctb.171473/,,,,['']
,https://sanctioned-suicide.net/threads/how-to-end-myself-properly-with-a-knife.162361/,,,,['']
,https://sanctioned-suicide.net/threads/i-bought-a-gun-online-now-i-wait.171872/,,,"Jul 12, 2024",['none']
Have you ever met someone you can discuss suicide with?,https://sanctioned-suicide.net/threads/have-you-ever-met-someone-you-can-discuss-suicide-with.172124/,139,8,"Jul 15, 2024",['Discussion']
Hideous monster destroyed,https://sanctioned-suicide.net/threads/hideous-monster-destroyed.172129/,161,2,"Jul 15, 2024",['none']
Do the types of SN grades matter?,https://sanctioned-suicide.net/threads/do-the-types-of-sn-grades-matter.172130/,130,4,"Jul 15, 2024",['none']
The cruelty of prohibiting encouragement of suicide,https://sanctioned-suicide.net/threads/the-cruelty-of-prohibiting-encouragement-of-suicide.172133/,81,0,"Jul 15, 2024",['Venting']
,https://sanctioned-suicide.net/threads/im-worried-that-i-actually-want-to-live.172107/,,,,['none']
,https://sanctioned-suicide.net/threads/nobody-should-be-forced-to-live-against-their-will.172123/,,,,['']
,https://sanctioned-suicide.net/threads/going-this-weekend-by-compl-hanging-any-suggestions.171340/,,,,['']
,https://sanctioned-suicide.net/threads/last-3-4-days-of-my-life-journal-bought-sn-somehow-feeling-both-calm-and-anxious-and-gratitude-for-this-sites-supportive-community.171441/,,,,['']
,https://sanctioned-suicide.net/threads/i-want-it-to-look-like-an-accident-cutting-tw.172037/,,,,['']
,https://sanctioned-suicide.net/threads/so-long-and-thanks-for-all-the-fish-goodbye.171921/,,,,['']
,https://sanctioned-suicide.net/threads/psychiatry-is-so-horrible.169270/,,,,['']
,https://sanctioned-suicide.net/threads/life-is-cruel.172079/,,,,['']
,https://sanctioned-suicide.net/threads/does-partial-hanging-ever-fail-after-blacking-out-and-if-so-why.172117/,,,,['none']
,https://sanctioned-suicide.net/threads/whats-the-point-of-being-self-aware-of-your-problems-if-you-do-nothing-to-fix-it.172119/,,,,['none']
,https://sanctioned-suicide.net/threads/2nd-attempt-sn.171911/,,,,['']
,https://sanctioned-suicide.net/threads/how-to-kill-yourself-in-fourteen-days.168270/,,,,['']
,https://sanctioned-suicide.net/threads/lost.172066/,,,,['none']
,https://sanctioned-suicide.net/threads/weight-is-all-i-feel.172114/,,,,['none']
,https://sanctioned-suicide.net/threads/the-curse-i-dont-want-to-die-but-circumstances-force-me-to-ctb-sooner-or-later.158857/,,,,['']
,https://sanctioned-suicide.net/threads/what-does-it-feel-like-when-you-know-that-its-time.170973/,,,,['']
,https://sanctioned-suicide.net/threads/cost-of-sn.172111/,,,,['']
,https://sanctioned-suicide.net/threads/carbon-monoxide-from-a-propane-cooker.43346/,,,,['none']
,https://sanctioned-suicide.net/threads/ctb-by-train.172032/,,,,['']
,https://sanctioned-suicide.net/threads/where-can-i-watch-cops-stopping-suicides-suicide-footage.172108/,,,,['none']
,https://sanctioned-suicide.net/threads/welfare-check.169297/,,,,['']
,https://sanctioned-suicide.net/threads/happy.172105/,,,,['none']
,https://sanctioned-suicide.net/threads/how-do-you-deal-with-suicide-when-i-am-my-self-a-christian.167919/,,,,['none']
,https://sanctioned-suicide.net/threads/which-otc-drug-has-the-highest-sucess-rate.172010/,,,,['']
,https://sanctioned-suicide.net/threads/downsides-to-suicide-by-over-hydration.171756/,,,,['']
,https://sanctioned-suicide.net/threads/im-sure.170959/,,,,['']
,https://sanctioned-suicide.net/threads/so-much-respect.172091/,,,,['none']
,https://sanctioned-suicide.net/threads/goodbye-everyone.171881/,,,,['none']
,https://sanctioned-suicide.net/threads/pt-br-metodo-de-suicidio-pacifico-nitrito-de-sodio.102175/,,,,['']
,https://sanctioned-suicide.net/threads/actually-wanting-to-exist-would-be-absurd-to-me.168745/,,,,['']
,https://sanctioned-suicide.net/threads/creating-drama.172097/,,,,['none']
,https://sanctioned-suicide.net/threads/kenalog-injections-stole-my-soul.136494/,,,,['']
,https://sanctioned-suicide.net/threads/terrible-parasite-of-a-human-punishment-really-deserved.172030/,,,,['none']
,https://sanctioned-suicide.net/threads/afraid-of-whats-on-the-other-side.169680/,,,,['none']
,https://sanctioned-suicide.net/threads/someone-please-help-me.171880/,,,,['none']
,https://sanctioned-suicide.net/threads/will-cold-bottled-water-work-for-sn-dissolving.172092/,,,,['none']
,https://sanctioned-suicide.net/threads/the-universe-wants-me-dead.172088/,,,,['']
,https://sanctioned-suicide.net/threads/im-done.172086/,,,,['none']
,https://sanctioned-suicide.net/threads/i-hate-my-life-and-i-hate-how-fucking-awful-this-society-is.172087/,,,,['']
,https://sanctioned-suicide.net/threads/i-blew-my-one-shot-at-happiness.171146/,,,,['']
,https://sanctioned-suicide.net/threads/you-also-feel-like-you-dont-have-enough-reasons-to-kill-yourself.172001/,,,,['none']
,https://sanctioned-suicide.net/threads/my-shotgun-is-loaded.171836/,,,,['none']
,https://sanctioned-suicide.net/threads/do-i-need-an-actual-solid-reason-to-kill-myself.169458/,,,,['']
,https://sanctioned-suicide.net/threads/does-feeling-scared-mean-youre-not-ready-to-ctb.168727/,,,,['none']
,https://sanctioned-suicide.net/threads/saying-suicide-is-selfish-is-selfish.172076/,,,,['']
,https://sanctioned-suicide.net/threads/would-taking-sn-during-daytime-change-loc.171863/,,,,['none']
,https://sanctioned-suicide.net/threads/need-to-end.171961/,,,,['none']
,https://sanctioned-suicide.net/threads/ok-so-uuh-idk-how-to-explain-this-but-trump-getting-shot-at-kinda-saved-me-from-suicide-wtf.172081/,,,,['']
,https://sanctioned-suicide.net/threads/i-cant-imagine-the-existential-horror-of-end-as-vegetal-due-to-unsuccessful-ctb.172071/,,,,['none']
,https://sanctioned-suicide.net/threads/removing-oxygen-from-air.171823/,,,,['none']
,https://sanctioned-suicide.net/threads/self-harm.171982/,,,,['']
,https://sanctioned-suicide.net/threads/clonazepam.170218/,,,,['']
,https://sanctioned-suicide.net/threads/deciding-to-die-by-jumping.172077/,,,,['none']
,https://sanctioned-suicide.net/threads/air-draft-70-m-is-there-really-70m-above-the-road.161543/,,,,['none']
,https://sanctioned-suicide.net/threads/i-want-to-die-pretty.127671/,,,,['none']
,https://sanctioned-suicide.net/threads/carbon-dioxide-in-plastic-bag.171482/,,,,['']
,https://sanctioned-suicide.net/threads/existence-is-suffering.172078/,,,,['none']
,https://sanctioned-suicide.net/threads/sn-sources-in-europe.171728/,,,,['']
,https://sanctioned-suicide.net/threads/i-think-this-might-be-my-goodbye-thread.170367/,,,,['none']
,https://sanctioned-suicide.net/threads/deleting-everything-before-you-go.172047/,,,,['none']
,https://sanctioned-suicide.net/threads/what-are-you-doing-in-your-final-days-hours.170564/,,,,['']
,https://sanctioned-suicide.net/threads/how-easy-is-it-to-get-sn-in-latin-america.172072/,,,,['none']
,https://sanctioned-suicide.net/threads/are-we-sure-sn-is-painless.171733/,,,,['none']
,https://sanctioned-suicide.net/threads/the-medical-system-officially-gave-up-on-me.171483/,,,,['']
,https://sanctioned-suicide.net/threads/new-full-suspension-megathread.105295/,,,,['none']
,https://sanctioned-suicide.net/threads/partial-hanging-how-to-lose-consciousness-video-links.170338/,,,,['']
,https://sanctioned-suicide.net/threads/the-burning-monk.172050/,,,,['none']
,https://sanctioned-suicide.net/threads/how-much-blood-is-needed-for-the-blood-test-for-sn.172043/,,,,['none']
,https://sanctioned-suicide.net/threads/does-anyone-find-porn-too-depressing-to-watch.166901/,,,,['']
,https://sanctioned-suicide.net/threads/anyone-planning-on-making-a-will-before-you-go.172058/,,,,['']
,https://sanctioned-suicide.net/threads/1-4-butanediol-source.172031/,,,,['none']
,https://sanctioned-suicide.net/threads/sn-from-sd-legit.159588/,,,,['none']
,https://sanctioned-suicide.net/threads/is-the-end-of-sn-as-method-near.172053/,,,,['none']
,https://sanctioned-suicide.net/threads/the-crazier-things-get-in-the-us.171990/,,,,['none']
,https://sanctioned-suicide.net/threads/feudalism-capitalism-communism-humans-only-make-oppressive-societies-and-never-make-ones-that-actually-benefit-the-people.172039/,,,,['none']
,https://sanctioned-suicide.net/threads/that-feeling.172056/,,,,['']
,https://sanctioned-suicide.net/threads/night-night-method-questions.171952/,,,,['none']
,https://sanctioned-suicide.net/threads/does-this-site-benefit-you-in-any-way.151625/,,,,['none']
,https://sanctioned-suicide.net/threads/do-people-actually-croak-from-eating-random-mushrooms-oit-of-the-ground.171871/,,,,['none']
,https://sanctioned-suicide.net/threads/painless-partial-hanging-my-method.111332/,,,,['']
,https://sanctioned-suicide.net/threads/how-painful-is-it-to-ctb-via-suffocation.171957/,,,,['']
,https://sanctioned-suicide.net/threads/has-anyone-tried-partial-hanging.169932/,,,,['']
,https://sanctioned-suicide.net/threads/rational-vs-irrational-ctb.171503/,,,,['']
,https://sanctioned-suicide.net/threads/relatorios-de-caso-sobre-suicidios-utilizando-nitrito-de-sodio-metodo-sn-brasil.168183/,,,,['none']
,https://sanctioned-suicide.net/threads/nvm-im-gonna-try-ctb-for-real-again.172028/,,,,['none']
,https://sanctioned-suicide.net/threads/everyone-seems-to-leave-so-easily-with-partial-i-guess-we-think-too-much.169122/,,,,['none']
,https://sanctioned-suicide.net/threads/is-sn-from-bm-good.167014/,,,,['none']
,https://sanctioned-suicide.net/threads/cant-even-enjoy-the-good-because-of-fear-of-it-ending.169613/,,,,['none']
,https://sanctioned-suicide.net/threads/train-decapitation.166972/,,,,['none']
,https://sanctioned-suicide.net/threads/i-dont-owe-society-any-worker-kids.171965/,,,,['']
,https://sanctioned-suicide.net/threads/exit-bag-inert-gas-nitrogen-for-uk-users.170413/,,,,['']
,https://sanctioned-suicide.net/threads/is-sn-painful-is-there-any-painless-peaceful-methods-to-go.166267/,,,,['']
,https://sanctioned-suicide.net/threads/our-bodies-were-designed-to-self-destruct.172003/,,,,['none']
,https://sanctioned-suicide.net/threads/coming-back-here-after-6-months-trying-to-come-to-terms-with-having-to-ctb-after-psych-drug-damage.171431/,,,,['']
,https://sanctioned-suicide.net/threads/sn-from-a-portuguese-source.172027/,,,,['']
,https://sanctioned-suicide.net/threads/analytical-reagent-sn-on-sd-purity.172036/,,,,['none']
,https://sanctioned-suicide.net/threads/last-will-and-testament.172014/,,,,['none']
,https://sanctioned-suicide.net/threads/how-many-methods-you-have-available-right-now.163902/,,,,['']
,https://sanctioned-suicide.net/threads/whats-the-difference-between-not-wanting-to-die-and-si.171940/,229,5,"Jul 13, 2024",['Discussion']
Ctb partner Washington State?,https://sanctioned-suicide.net/threads/ctb-partner-washington-state.171383/,462,20,"Jul 8, 2024",['none']
,https://sanctioned-suicide.net/threads/ctb-by-partial-hanging-soon.171478/,,,,['none']
,https://sanctioned-suicide.net/threads/does-anyone-else-have-suppressed-rage-regarding-their-circumcision.167994/,,,,['']
,https://sanctioned-suicide.net/threads/introduction-of-suicide-using-sn.172016/,,,,['']
,https://sanctioned-suicide.net/threads/freeze-my-eggs-before-i-go-oof.166663/,,,,['']
,https://sanctioned-suicide.net/threads/what-is-it-like-in-a-psychward.166986/,,,,['none']
,https://sanctioned-suicide.net/threads/suicide-by-cop.123644/,,,,['']
,https://sanctioned-suicide.net/threads/is-the-experience-of-hypoxia-from-inert-gas-different-from-sn.171979/,,,,['']
,https://sanctioned-suicide.net/threads/propanalol-over-dose.171751/,,,,['none']
,https://sanctioned-suicide.net/threads/do-you-think-about-dying-all-the-time.166024/,,,,['']
,https://sanctioned-suicide.net/threads/anyone-know-about-methylene-blue.172022/,,,,['']
,https://sanctioned-suicide.net/threads/ghosted-my-client-for-2-weeks-and-they-dropped-the-project.172021/,,,,['none']
,https://sanctioned-suicide.net/threads/how-do-i-get-the-courage-to-hang-myself.170761/,,,,['']
,https://sanctioned-suicide.net/threads/it-does-not-get-better.172020/,,,,['']
,https://sanctioned-suicide.net/threads/decapitation-by-trail-railway-method.171958/,,,,['none']
,https://sanctioned-suicide.net/threads/anyone-else-more-su-si-in-the-morning.172015/,,,,['none']
,https://sanctioned-suicide.net/threads/i-am-new-here.171702/,,,,['none']
,https://sanctioned-suicide.net/threads/co-vs-co2.171985/,,,,['none']
,https://sanctioned-suicide.net/threads/what-method-is-everybody-currently-thinking.170771/,,,,['none']
,https://sanctioned-suicide.net/threads/since-i-cant-obtain-sn.172008/,,,,['']
,https://sanctioned-suicide.net/threads/my-method-is-blocked-for-now.172011/,,,,['none']
,https://sanctioned-suicide.net/threads/my-sn-regimen-any-suggestions.166176/,,,,['none']
,https://sanctioned-suicide.net/threads/request-suicide-kits-from-enemy-governments-world-peace-thru-suicide.170545/,,,,['']
,https://sanctioned-suicide.net/threads/sn-in-canada.169607/,,,,['']
,https://sanctioned-suicide.net/threads/this-weekend-friends.169379/,,,,['']
,https://sanctioned-suicide.net/threads/i-need-to-die-asap.172000/,,,,['']
,https://sanctioned-suicide.net/threads/i-miss-my-brother.171776/,,,,['none']
,https://sanctioned-suicide.net/threads/sn-on-dark-web.170562/,,,,['none']
,https://sanctioned-suicide.net/threads/witnessed-suicide.171987/,,,,['none']
,https://sanctioned-suicide.net/threads/guillotine-sleeping-pills.171223/,,,,['']
,https://sanctioned-suicide.net/threads/i-cant-decide-if-i-want-to-ctb-and-its-frustrating.171582/,,,,['']
,https://sanctioned-suicide.net/threads/wondering-why-i-want-to-jump.171989/,122,3,"Jul 13, 2024",['Venting']
Someone stole my sn,https://sanctioned-suicide.net/threads/someone-stole-my-sn.171947/,308,12,"Jul 13, 2024",['Discussion']
I will die slowly from a Paracetamol Overdose thats fine because everyday I am slowly dying,https://sanctioned-suicide.net/threads/i-will-die-slowly-from-a-paracetamol-overdose-thats-fine-because-everyday-i-am-slowly-dying.171953/,350,8,"Jul 13, 2024",['none']
[Poll] What's more painful for online friends after CTB and why? Note x Disappearing,https://sanctioned-suicide.net/threads/poll-whats-more-painful-for-online-friends-after-ctb-and-why-note-x-disappearing.166643/,226,5,"May 28, 2024",['none']
My life is awesome and I hate it.,https://sanctioned-suicide.net/threads/my-life-is-awesome-and-i-hate-it.172002/,94,0,"Jul 14, 2024",['none']
What did it do to me??? What have I become?,https://sanctioned-suicide.net/threads/what-did-it-do-to-me-what-have-i-become.171999/,114,1,"Jul 13, 2024",['Venting']
Very insightful video: A family's perspective on the impact of a loved one's suicide,https://sanctioned-suicide.net/threads/very-insightful-video-a-familys-perspective-on-the-impact-of-a-loved-ones-suicide.171998/,133,0,"Jul 13, 2024",['Resource']
Thinking about death and selfishness.,https://sanctioned-suicide.net/threads/thinking-about-death-and-selfishness.171997/,110,1,"Jul 13, 2024",['Venting']
Fear of doing it wrong,https://sanctioned-suicide.net/threads/fear-of-doing-it-wrong.171991/,110,2,"Jul 13, 2024",['none']
Would 45mg of SN be enough to kill me?,https://sanctioned-suicide.net/threads/would-45mg-of-sn-be-enough-to-kill-me.171930/,288,5,"Jul 13, 2024",['Help']
lost the will to fight,https://sanctioned-suicide.net/threads/lost-the-will-to-fight.171882/,140,3,"Jul 12, 2024",['none']
Standard SN drink recommendation - stupid question ;I,https://sanctioned-suicide.net/threads/standard-sn-drink-recommendation-stupid-question-i.168943/,236,3,"Jun 17, 2024",['none']
Need help staying away from him.,https://sanctioned-suicide.net/threads/need-help-staying-away-from-him.171986/,148,2,"Jul 13, 2024",['none']
Pets owners that wanna CTB,https://sanctioned-suicide.net/threads/pets-owners-that-wanna-ctb.168700/,335,12,"Jun 14, 2024",['none']
Where people can die in peace: Belgium,https://sanctioned-suicide.net/threads/where-people-can-die-in-peace-belgium.139917/,2K,35,"Nov 5, 2023",['none']
Brazilian states are going to regulate Sodium Nitrite (SN) commercialization,https://sanctioned-suicide.net/threads/brazilian-states-are-going-to-regulate-sodium-nitrite-sn-commercialization.170492/,616,13,"Jun 30, 2024",['none']
Hard time with family,https://sanctioned-suicide.net/threads/hard-time-with-family.171978/,90,1,"Jul 13, 2024",['none']
Suicide Toronto,https://sanctioned-suicide.net/threads/suicide-toronto.122405/,488,2,"Jun 17, 2023",['Method']
Homemade toxic gas,https://sanctioned-suicide.net/threads/homemade-toxic-gas.171984/,80,0,"Jul 13, 2024",['none']
new friends,https://sanctioned-suicide.net/threads/new-friends.127476/,540,12,"Jul 28, 2023",['Venting']
,https://sanctioned-suicide.net/threads/lost-all-hope.171945/,,,,['']
,https://sanctioned-suicide.net/threads/i-cant-sleep-these-days.171969/,,,,['none']
,https://sanctioned-suicide.net/threads/i-plan-on-ending-my-life-once-i-give-birth.170167/,,,,['']
,https://sanctioned-suicide.net/threads/do-yall-like-to-compress-ur-carotid-is-that-the-name-randomly-when-ur-bored.171963/,,,,['']
,https://sanctioned-suicide.net/threads/consequenses-of-a-failed-sn-attempt.171274/,,,,['none']
,https://sanctioned-suicide.net/threads/is-anyone-else-tired-of-life.161312/,,,,['none']
,https://sanctioned-suicide.net/threads/would-jumping-from-a-tall-bridge-onto-concrete-be-instantaneous.171970/,,,,['none']
,https://sanctioned-suicide.net/threads/electricity.171086/,,,,['']
,https://sanctioned-suicide.net/threads/to-those-who-survived-an-attempt-jumping-especially.171968/,,,,['none']
,https://sanctioned-suicide.net/threads/cant-find-cartoid-arteries.171459/,,,,['']
,https://sanctioned-suicide.net/threads/cansada-demais-ate-para-pensar.171964/,,,,['none']
,https://sanctioned-suicide.net/threads/guniea-pig.171962/,,,,['']
,https://sanctioned-suicide.net/threads/inevitable.171959/,,,,['']
,https://sanctioned-suicide.net/threads/anyone-else-cant-wait-for-it.171934/,,,,['none']
,https://sanctioned-suicide.net/threads/method-no-longer-viable.171948/,,,,['']
,https://sanctioned-suicide.net/threads/blood-thinners.171191/,,,,['none']
,https://sanctioned-suicide.net/threads/so-scared-of-failing-at-recovery.171950/,,,,['']
,https://sanctioned-suicide.net/threads/drowning-how-heavy-should-weights-be.171913/,,,,['none']
,https://sanctioned-suicide.net/threads/fleetingnights-vent-thread.165978/,,,,['none']
,https://sanctioned-suicide.net/threads/it-never-got-better.171887/,,,,['']
,https://sanctioned-suicide.net/threads/is-it-better-to-do-the-nitrite-test-for-sn-with-1-l-or-500-ml-water.171373/,,,,['none']
,https://sanctioned-suicide.net/threads/thinking-about-making-a-me-too-video-and-ending-it.171450/,,,,['none']
,https://sanctioned-suicide.net/threads/how-do-you-feel-about-having-a-ctb-audience.158935/,,,,['none']
,https://sanctioned-suicide.net/threads/is-it-illegal-to-put-a-hit-out-on-yourself.171295/,,,,['none']
,https://sanctioned-suicide.net/threads/do-you-feel-any-obligation-letting-people-have-one-last-visit-with-you.169888/,,,,['']
,https://sanctioned-suicide.net/threads/if-this-were-true-does-this-mean-suicidal-people-are-at-the-lowest-level-of-consciousness.170444/,,,,['']
,https://sanctioned-suicide.net/threads/decided-to-ctb-by-partial-how-can-i-increase-my-chances.158177/,,,,['']
,https://sanctioned-suicide.net/threads/i-die-in-14-days.171943/,,,,['none']
,https://sanctioned-suicide.net/threads/chronic-heart-pain.171699/,,,,['']
,https://sanctioned-suicide.net/threads/why-arent-narcotics-recommended-as-often-as-sn.171673/,,,,['none']
,https://sanctioned-suicide.net/threads/need-a-ctb-method-with-a-probability-of-survival.171920/,,,,['']
,https://sanctioned-suicide.net/threads/the-only-emojis-in-the-like-button-are-like-something-a-kindergarten-teacher-would-choose-for-her-safe-space-classroom.82380/,,,,['none']
,https://sanctioned-suicide.net/threads/do-you-have-any-item-s-ready-to-actually-ctb.165313/,,,,['none']
,https://sanctioned-suicide.net/threads/sadistic-universe.171937/,,,,['']
,https://sanctioned-suicide.net/threads/running-out-of-options-need-advice.171939/,,,,['']
,https://sanctioned-suicide.net/threads/lack-any-will-to-live.170515/,,,,['none']
,https://sanctioned-suicide.net/threads/harry-potter-suicide-edition.171676/,,,,['']
,https://sanctioned-suicide.net/threads/wage-slavery.171304/,,,,['']
,https://sanctioned-suicide.net/threads/this-is-the-best-time-in-history-to-be-alive.171932/,,,,['']
,https://sanctioned-suicide.net/threads/kn-purity-question-now-with-answer.169074/,,,,['']
,https://sanctioned-suicide.net/threads/im-from-latinamerica.171935/,,,,['']
,https://sanctioned-suicide.net/threads/how-to-prepare-ctb-with-sn.171834/,,,,['none']
,https://sanctioned-suicide.net/threads/the-only-way-forward-is-underground.171933/,,,,['none']
,https://sanctioned-suicide.net/threads/full-bag-of-charcoal-in-a-car.171926/,,,,['none']
,https://sanctioned-suicide.net/threads/death-by-carbon-dioxide.171931/,,,,['none']
,https://sanctioned-suicide.net/threads/i-have-a-question-how-many-people-here-have-a-romantic-relationship-as-the-primary-factor-in-their-choice-of-suicide.171682/,,,,['none']
SN inspection in customs,https://sanctioned-suicide.net/threads/sn-inspection-in-customs.171927/,101,2,"Jul 13, 2024",['Help']
How long do you think the average SaSu member on here for?,https://sanctioned-suicide.net/threads/how-long-do-you-think-the-average-sasu-member-on-here-for.171754/,543,19,"Jul 11, 2024",['Discussion']
Non Rebreather Mask For Exit Bag?,https://sanctioned-suicide.net/threads/non-rebreather-mask-for-exit-bag.171918/,99,2,"Jul 13, 2024",['none']
please somebody help,https://sanctioned-suicide.net/threads/please-somebody-help.171136/,205,2,"Jul 6, 2024",['Help']
,https://sanctioned-suicide.net/threads/carbon-monoxide.171917/,,,,['none']
,https://sanctioned-suicide.net/threads/ctb-in-sydney.119344/,,,,['none']
,https://sanctioned-suicide.net/threads/what-do-you-think-about-violent-deaths.171466/,,,,['']
,https://sanctioned-suicide.net/threads/journal-article-with-literature-review-on-sn.171909/,,,,['']
,https://sanctioned-suicide.net/threads/one-by-one.171726/,,,,['']
,https://sanctioned-suicide.net/threads/how-to-know-if-a-sn-source-is-pure-enough.171903/,,,,['none']
,https://sanctioned-suicide.net/threads/need-methods-to-feel-adrenaline.171896/,,,,['']
,https://sanctioned-suicide.net/threads/how-people-react-and-treat-you-when-wanting-to-end-your-suffering-vs-a-terminal-illness.170099/,,,,['']
,https://sanctioned-suicide.net/threads/just-venting-p.171904/,,,,['']
,https://sanctioned-suicide.net/threads/ligature-around-neck.169907/,,,,['']
,https://sanctioned-suicide.net/threads/psa-due-to-a-recent-ban-on-sn-its-leaving-a-huge-amount-of-sellers-if-youre-on-the-fence-about-getting-it-you-wont-have-the-option-much-longer.171892/,,,,['']
,https://sanctioned-suicide.net/threads/how-to-apply-for-assisted-suicide.171900/,,,,['none']
,https://sanctioned-suicide.net/threads/i-just-need-it-to-stop.171899/,,,,['none']
,https://sanctioned-suicide.net/threads/anyone-want-to-ctb-together-with-sn-this-weekend-or-anyone-willing-to-be-online-to-support.171897/,,,,['']
,https://sanctioned-suicide.net/threads/phoenix-letter.171773/,,,,['none']
,https://sanctioned-suicide.net/threads/everything-will-go-to-shit-because-of-climate-change-anyway.169451/,,,,['none']
,https://sanctioned-suicide.net/threads/hydrogen-sulfide-help.154669/,,,,['none']
,https://sanctioned-suicide.net/threads/does-researching-relax-you.171022/,,,,['none']
,https://sanctioned-suicide.net/threads/first-time-gun-user.171766/,,,,['none']
,https://sanctioned-suicide.net/threads/will-i-become-disabled-if-i-dont-slit-my-wrists-right.171886/,,,,['none']
,https://sanctioned-suicide.net/threads/i-got-all-supplies-needed-for-gas-method.153312/,,,,['']
,https://sanctioned-suicide.net/threads/how-many-pain-pills-to-ctb.171891/,,,,['none']
,https://sanctioned-suicide.net/threads/sn-testing-strips.171879/,,,,['']
,https://sanctioned-suicide.net/threads/chronic-embarrassment-18f.171870/,,,,['none']
,https://sanctioned-suicide.net/threads/i-wanna-do-it-tonight.171875/,,,,['']
,https://sanctioned-suicide.net/threads/is-there-any-other-sn-source-without-dmc.171779/,,,,['none']
,https://sanctioned-suicide.net/threads/anybody-else-just-kinda-floating-through-life-with-no-purpose.171876/,,,,['']
,https://sanctioned-suicide.net/threads/if-you-could-press-a-magic-button-and-instantly-die-as-well-as-wipe-memories-of-you-from-all-your-loved-ones-would-you-do-it.155406/,,,,['none']
,https://sanctioned-suicide.net/threads/sn-death-protocols.168107/,,,,['none']
,https://sanctioned-suicide.net/threads/public-buildings-to-jump-off-in-toledo.26379/,,,,['']
,https://sanctioned-suicide.net/threads/i-wish-i-could-finally-die.170747/,,,,['']
,https://sanctioned-suicide.net/threads/hanging-with-additional-weights.171000/,,,,['none']
,https://sanctioned-suicide.net/threads/i-dont-understand-why-everyone-hates-me.171535/,,,,['']
,https://sanctioned-suicide.net/threads/where-to-store-sn.171884/,,,,['']
,https://sanctioned-suicide.net/threads/i-will-express-everything-i-have-felt-for-a-long-time.171787/,,,,['']
,https://sanctioned-suicide.net/threads/fear-of-suicide-pain-venting-my-story.170775/,,,,['']
,https://sanctioned-suicide.net/threads/i-am-a-failure-with-no-future.171342/,,,,['none']
,https://sanctioned-suicide.net/threads/wrist-cutting-bathtub-lethality.171877/,,,,['none']
,https://sanctioned-suicide.net/threads/good-bye-complete-suspension-in-a-couple-of-hours.171854/,,,,['none']
,https://sanctioned-suicide.net/threads/do-we-ever-know-that-a-ss-member-has-ctbd.171832/,,,,['none']
,https://sanctioned-suicide.net/threads/i-need-someone-to-talk-to.171865/,,,,['none']
,https://sanctioned-suicide.net/threads/they-gave-me-an-expulsion-order.171049/,383,4,"Jul 5, 2024",['Story']
can someone dm me,https://sanctioned-suicide.net/threads/can-someone-dm-me.171874/,102,1,"Jul 12, 2024",['none']
just curious.. can you take benzos before hanging?,https://sanctioned-suicide.net/threads/just-curious-can-you-take-benzos-before-hanging.171539/,152,2,"Jul 10, 2024",['none']
Last Minute Hanging Advice,https://sanctioned-suicide.net/threads/last-minute-hanging-advice.171519/,588,6,"Jul 9, 2024",['none']
Has anyone ever killed themself with a homemade gun?,https://sanctioned-suicide.net/threads/has-anyone-ever-killed-themself-with-a-homemade-gun.171749/,369,22,"Jul 11, 2024",['none']
Attempting this Saturday + my suicide letter and just talking about my life lol,https://sanctioned-suicide.net/threads/attempting-this-saturday-my-suicide-letter-and-just-talking-about-my-life-lol.171275/,465,3,"Jul 7, 2024",['none']
Seniors commit suicide more than younger people? How they do this?,https://sanctioned-suicide.net/threads/seniors-commit-suicide-more-than-younger-people-how-they-do-this.171844/,305,12,"Jul 12, 2024",['none']
Anybody wanna have a call while I am dying,https://sanctioned-suicide.net/threads/anybody-wanna-have-a-call-while-i-am-dying.166838/,925,25,"May 30, 2024",['none']
Would you choose to be saved during your ctb?,https://sanctioned-suicide.net/threads/would-you-choose-to-be-saved-during-your-ctb.170454/,447,20,"Jun 30, 2024",['Discussion']
,https://sanctioned-suicide.net/threads/thoughts-on-the-efficacy-of-corvalol-mini-phenobarbital-with-sn.171817/,,,,['']
,https://sanctioned-suicide.net/threads/more-suicidal-at-night.170752/,,,,['']
,https://sanctioned-suicide.net/threads/who-will-take-care-of-your-financial-assets-responsibilities-when-you-ctb.170996/,,,,['none']
,https://sanctioned-suicide.net/threads/i-need-encouragement.171869/,,,,['none']
,https://sanctioned-suicide.net/threads/would-you-contact-a-loved-one-before-ctb.169562/,,,,['']
,https://sanctioned-suicide.net/threads/now-that-all-sn-is-unavailable-outside-of-business-accounts-whats-the-best-way-to-secure-the-sn-that-i-have.171868/,,,,['']
,https://sanctioned-suicide.net/threads/what-are-the-main-reasons-for-you-being-suicidal-poll.170192/,,,,['']
,https://sanctioned-suicide.net/threads/i-want-to-kill-myself-but-im-scared-of-becoming-permanently-disabled.171856/,,,,['']
,https://sanctioned-suicide.net/threads/this-holes-become-my-whole-life-it-keeps-getting-worse.171866/,,,,['none']
,https://sanctioned-suicide.net/threads/trying-to-obtain-a-firearm-with-a-psychiatric-record-pls-help.163412/,,,,['']
,https://sanctioned-suicide.net/threads/ctb-by-shotgun-survivor.167482/,,,,['']
,https://sanctioned-suicide.net/threads/an-alternative-to-meto.171864/,,,,['none']
,https://sanctioned-suicide.net/threads/i-really-hate-si.169606/,,,,['none']
,https://sanctioned-suicide.net/threads/problem-with-the-rope.168650/,,,,['']
,https://sanctioned-suicide.net/threads/nzz-sarco-the-tesla-of-assisted-suicide-may-soon-be-used-for-the-first-time.171860/,,,,['']
,https://sanctioned-suicide.net/threads/can-paracetamol-kill-me.171812/,,,,['']
,https://sanctioned-suicide.net/threads/man-v-bear-my-side-tw-sa.171026/,,,,['none']
,https://sanctioned-suicide.net/threads/do-you-believe-in-romantic-love.127794/,,,,['']
,https://sanctioned-suicide.net/threads/over-the-last-decade-a-lot-of-young-people-in-my-country-disappeared-and-were-found-drowned.171815/,,,,['']
,https://sanctioned-suicide.net/threads/if-you-learned-reincarnation-was-real-what-would-you-like-to-be-in-your-next-life-regardless-of-ctb.166949/,,,,['']
,https://sanctioned-suicide.net/threads/how-did-u-end-up-here.169475/,,,,['']
,https://sanctioned-suicide.net/threads/stream-of-thoughts.171861/,,,,['none']
,https://sanctioned-suicide.net/threads/i-completely-screwed-up-the-plan.171793/,,,,['']
,https://sanctioned-suicide.net/threads/might-go-on-monday.61381/,,,,['none']
,https://sanctioned-suicide.net/threads/a-lot-of-it-is-mindset-and-working-through-trauma-and-mental-health-not-just-getting-a-job-and-going-to-school.171859/,,,,['']
,https://sanctioned-suicide.net/threads/this-could-be-goodbye.171788/,,,,['none']
,https://sanctioned-suicide.net/threads/are-there-people-from-israel-here.171808/,,,,['']
,https://sanctioned-suicide.net/threads/where-to-get-sn-i-live-in-isra-l.168034/,,,,['none']
,https://sanctioned-suicide.net/threads/who-would-say-sleep-is-the-closest-they-can-get-currently.171113/,,,,['none']
,https://sanctioned-suicide.net/threads/where-to-get-sn-lithuania.171858/,,,,['']
,https://sanctioned-suicide.net/threads/sn-vs-fentanyl.171792/,,,,['none']
,https://sanctioned-suicide.net/threads/mom-makes-me-want-to-self-harm.171266/,,,,['']
,https://sanctioned-suicide.net/threads/do-you-need-a-reason-to-ctb.171827/,,,,['none']
,https://sanctioned-suicide.net/threads/ive-been-testing-the-waters-partial-suspension.171422/,,,,['none']
,https://sanctioned-suicide.net/threads/sodium-nitrite-amount-per-weight.171853/,,,,['none']
,https://sanctioned-suicide.net/threads/saving-lives.171695/,,,,['']
,https://sanctioned-suicide.net/threads/the-swiss-option-lauras-choice-1-45-documentary.171839/,,,,['']
,https://sanctioned-suicide.net/threads/how-to-overcome-si-when-si-is-caused-by-neuro-illness.171852/,,,,['']
,https://sanctioned-suicide.net/threads/seroquel-lethality.171842/,,,,['none']
,https://sanctioned-suicide.net/threads/the-swiss-option-dm-article-about-pegasos.171831/,,,,['none']
,https://sanctioned-suicide.net/threads/constantly-walking-on-eggshells.171847/,,,,['']
,https://sanctioned-suicide.net/threads/how-long-would-you-guys-make-your-suicide-note.171270/,,,,['']
,https://sanctioned-suicide.net/threads/how-can-we-justify-bringing-new-life-into-this-world.171843/,,,,['none']
,https://sanctioned-suicide.net/threads/nitrogen-and-propranolol.171648/,,,,['']
,https://sanctioned-suicide.net/threads/blurted-things-out-and-i-regret-it.170936/,,,,['']
,https://sanctioned-suicide.net/threads/thioacetamide.171841/,,,,['none']
TOXBASE access,https://sanctioned-suicide.net/threads/toxbase-access.148123/,5K,78,"Jan 8, 2024",['Resource']
"My ""boyfriend?"" Knows i ordered SN",https://sanctioned-suicide.net/threads/my-boyfriend-knows-i-ordered-sn.171799/,314,5,"Jul 12, 2024",['Venting']
Conspective article on the efficiency of drugs used for assisted dying,https://sanctioned-suicide.net/threads/conspective-article-on-the-efficiency-of-drugs-used-for-assisted-dying.171838/,51,0,"Jul 12, 2024",['Resource']
"venting, please ignore",https://sanctioned-suicide.net/threads/venting-please-ignore.171833/,76,0,"Jul 12, 2024",['Venting']
